name,online_order,book_table,rate,votes,approx_cost(for two people),listed_in(type)
Cafe Vivacity,Yes,No,3.8/5,87,650,Cafes
Chatar Patar,No,No,3.7/5,59,330,Dining
Timepass Dinner,Yes,No,3.8/5,275,540,Buffet
T3H Cafe,No,No,3.9/5,85,300,Cafes
Faasos,Yes,No,4.2/5,385,500,other
Domino's Pizza,Yes,No,3.9/5,560,800,Dining
Empire Restaurant,Yes,No,4.4/5,5016,750,other
Ovenstory Pizza,Yes,No,3.9/5,169,750,Dining
Sri Basaveshwar Jolada Rotti Oota,No,No,3.4/5,0,150,Dining
Sri Sai Tiffannies,No,No,3.3/5,0,150,Dining
Onesta,Yes,Yes,4.6/5,2344,540,Cafes
Sri Guru Kottureshwara Davangere Benne Dosa,Yes,No,4.1/5,558,150,Dining
LSD Cafe,No,No,2.9/5,85,630,other
Goa 0 Km,Yes,Yes,3.6/5,147,800,Dining
360 Atoms Restaurant And Cafe,Yes,No,3.1/5,12,400,Cafes
Jeet Restaurant,No,Yes,4.0/5,779,850,Dining
Vaishali Deluxe,No,No,3.8/5,43,770,Dining
Gustoes Beer House,No,No,4.1/5,902,630,Dining
Empire Restaurant,Yes,No,4.4/5,5357,750,other
Gustoes Beer House,No,No,4.1/5,871,630,Dining
Cafe Vivacity,Yes,No,3.8/5,98,580,Cafes
Petoo,No,No,3.7/5,21,500,Dining
Floured-Baked With Love,No,No,3.8/5,49,360,Dining
The Big O Bakes,No,No,4.0/5,69,330,Dining
Nandhini Deluxe,No,No,2.6/5,287,600,Dining
Grand Village,No,No,3.8/5,165,660,Buffet
Mane Thindi,No,No,3.7/5,130,200,Dining
The Biryani Cafe,No,No,4.1/5,512,330,Dining
Bengaluru Coffee House,Yes,No,4.1/5,208,300,Dining
Fast And Fresh,Yes,No,2.8/5,95,360,Dining
Village Café,Yes,No,4.1/5,378,550,Cafes
Aramane Donne Biriyani,No,No,2.9/5,0,150,Dining
Hide Out Cafe,No,No,3.7/5,29,300,Cafes
T3H Cafe,No,No,3.9/5,87,300,Cafes
Just Bake,No,No,3.4/5,8,400,Dining
Tasty Bytes,Yes,No,3.1/5,230,300,Dining
Beijing Bites,Yes,No,3.7/5,725,760,Dining
The Vintage Cafe,Yes,No,3.0/5,57,440,Cafes
Naveen Kabab & Biriyani Mane,No,No,3.2/5,9,330,Dining
XO Belgian Waffle,Yes,No,3.7/5,17,400,Dining
Melting Melodies,No,No,3.3/5,0,100,Dining
Kaggis,No,No,3.8/5,64,250,Dining
Biryanis And More,Yes,No,4.0/5,625,680,Dining
Devanna Dum Biriyani Centre,Yes,No,3.6/5,29,330,Dining
Goa 0 Km,Yes,Yes,3.6/5,176,880,Dining
Sea Green Cafe,No,No,3.3/5,4,450,Cafes
Swathi Cool Point,No,No,4.1/5,0,200,Dining
Vaishali Deluxe,No,No,3.8/5,39,700,Dining
Sri Basaveshwar Jolada Rotti Oota,No,No,3.4/5,0,140,Dining
CAFE NOVA,No,No,3.2/5,11,540,Cafes
Sri Basaveshwar Jolada Rotti Oota,No,No,3.4/5,0,140,Dining
Hide Out Cafe,No,No,3.7/5,28,300,Cafes
Vi Ra's Bar and Restaurant,No,No,3.3/5,63,720,Dining
CAFE NOVA,No,No,3.2/5,12,600,Dining
My Tea House,Yes,No,3.6/5,62,600,Cafes
Redberrys,Yes,No,4.0/5,219,600,Cafes
Wood Stove,No,No,3.4/5,0,160,Dining
Village Café,Yes,No,4.1/5,402,500,Cafes
Onesta,Yes,Yes,4.6/5,2420,540,other
Petoo,No,No,3.7/5,23,500,Dining
Kulfi & More,No,No,3.4/5,0,150,Dining
Roving Feast,No,No,4.0/5,1047,450,Dining
Ovenstory Pizza,Yes,No,3.9/5,155,830,Dining
Caf-Eleven,No,No,4.0/5,422,500,Cafes
Darkolates,No,No,3.3/5,0,220,Dining
Biryanis And More,Yes,No,4.0/5,574,680,Dining
Soms Kitchen & Bakes,No,No,2.9/5,0,360,Dining
Hari Super Sandwich,No,No,3.2/5,0,180,Dining
The Good Bowl,Yes,No,3.6/5,6,500,Dining
Hotel Andhra Speices,No,No,2.9/5,0,220,Dining
Coffee Shopee,No,No,3.4/5,0,250,Dining
Parjanya Chat Zone,No,No,3.3/5,18,200,Dining
Fast And Fresh,Yes,No,2.8/5,95,360,Dining
Nandhini Deluxe,No,No,2.6/5,289,600,Dining
Sri Sai Tiffannies,No,No,3.3/5,0,150,Dining
Aarush's Food Plaza,No,No,3.4/5,0,200,Dining
Onesta,Yes,Yes,4.6/5,2566,540,other
Maruthi Davangere Benne Dosa,Yes,No,4.0/5,17,150,Dining
Vi Ra's Bar and Restaurant,No,No,3.3/5,58,800,Dining
Just Bake,No,No,3.4/5,8,400,Dining
Peppy Peppers,No,No,4.2/5,254,880,other
Namma Brahmin's Idli,Yes,No,3.6/5,34,100,Dining
Swathi Cool Point,No,No,4.1/5,0,220,Dining
Gustoes Beer House,No,No,4.1/5,868,700,Dining
Corner House Ice Cream,No,No,4.3/5,331,400,Dining
Addhuri Udupi Bhojana,No,No,3.7/5,85,330,Buffet
Foodlieious Multi Cuisine,No,No,3.4/5,0,110,Dining
Swathi Cool Point,No,No,4.1/5,0,180,Dining
Petoo,No,No,3.7/5,22,450,Dining
Sri Murari Family Restaurant,No,No,2.9/5,0,280,Dining
Sweet Truth,Yes,No,3.9/5,38,550,Dining
Banashankari Donne Biriyani,Yes,No,3.8/5,104,270,Dining
Sugar Rush,No,No,3.8/5,36,270,Dining
Parjanya Chat Zone,No,No,3.3/5,16,220,Dining
Srinathji's Cafe,No,No,3.8/5,159,600,Cafes
Foodiction,Yes,No,2.8/5,508,450,other
Coffee Bytes,No,No,3.1/5,6,90,Dining
Dessert Rose,No,No,3.5/5,7,500,Dining
Jeet Restaurant,No,Yes,4.0/5,808,850,Dining
Woodee Pizza,Yes,No,3.7/5,167,550,Cafes
Cake Bite,No,No,3.4/5,0,270,Dining
Chickpet Donne Biryani House,No,No,3.7/5,20,220,Dining
Gustoes Beer House,No,No,4.1/5,920,770,Dining
San Churro Cafe,Yes,No,3.8/5,844,880,Cafes
Penthouse Cafe,Yes,No,4.0/5,306,700,other
Cuppa,No,No,3.3/5,23,550,Cafes
Vaishali Deluxe,No,No,3.8/5,40,630,Dining
Sri Basaveshwar Jolada Rotti Oota,No,No,3.4/5,0,160,Dining
Wamama,Yes,Yes,4.2/5,372,800,other
Maruthi Davangere Benne Dosa,Yes,No,4.0/5,17,140,Dining
Cuppa,No,No,3.3/5,23,500,Cafes
Grand Village,No,No,3.8/5,162,600,Buffet
Annapooraneshwari Mess,No,No,3.7/5,0,220,Dining
Vi Ra's Bar and Restaurant,No,No,3.3/5,59,720,Dining
Meghana Foods,Yes,No,4.4/5,4401,600,Dining
Namma Brahmin's Idli,Yes,No,3.6/5,34,90,Dining
Foodlieious Multi Cuisine,No,No,3.4/5,0,100,Dining
Om Sri Vinayaka Chats,No,No,3.6/5,0,550,Dining
Empire Restaurant,Yes,No,4.4/5,5097,830,other
Petoo,No,No,3.7/5,20,400,Dining
Onesta,Yes,Yes,4.6/5,2560,660,Cafes
Aarush's Food Plaza,No,No,3.4/5,0,200,Dining
Faasos,Yes,No,4.2/5,429,550,other
Chinese Kitchen,Yes,No,3.8/5,56,140,Dining
Sea Green Cafe,No,No,3.3/5,4,450,Cafes
Cafe Shuffle,Yes,Yes,4.2/5,155,540,Cafes
K27 - The Pub,No,No,3.1/5,28,900,Dining
CAFE NOVA,No,No,3.2/5,12,540,Cafes
Spice 9,No,No,3.4/5,9,330,Dining
Ovenstory Pizza,Yes,No,3.9/5,178,750,Dining
Just Bake,No,No,3.4/5,9,400,Dining
Jalsa,Yes,Yes,4.1/5,747,880,Buffet
Gawdaru Mane Beriyani,No,No,3.3/5,0,330,Dining
Coffee Bytes,No,No,3.1/5,6,90,Dining
Sugar Rush,No,No,3.8/5,42,300,Dining
FreshMenu,Yes,No,3.9/5,627,450,Dining
Bengaluru Coffee House,Yes,No,4.1/5,201,300,Dining
Hari Super Sandwich,No,No,3.2/5,0,200,Dining
CAFE NOVA,No,No,3.2/5,11,600,Cafes
Spicy Tandoor,No,No,4.1/5,0,150,Dining
Onesta,Yes,Yes,4.6/5,2556,600,other
Faasos,Yes,No,4.2/5,453,450,other
Naveen Kabab & Biriyani Mane,No,No,3.2/5,9,270,Dining
Srinathji's Cafe,No,No,3.8/5,143,500,Cafes
Just Bake,No,No,3.4/5,8,360,Dining
Sri Sai Tiffannies,No,No,3.3/5,0,160,Dining
Melting Melodies,No,No,3.3/5,0,100,Dining
Fast And Fresh,Yes,No,2.8/5,88,360,Dining
The Vintage Cafe,Yes,No,3.0/5,63,440,Cafes
New Indraprasta,No,No,3.3/5,0,160,Dining
Grand Village,No,No,3.8/5,168,540,Buffet
Wood Stove,No,No,3.4/5,0,150,Dining
Sri Sai Tiffannies,No,No,3.3/5,0,140,Dining
Hide Out Cafe,No,No,3.7/5,29,330,Cafes
Kitchen Garden,Yes,No,3.6/5,223,330,Dining
Kabab Magic,Yes,No,4.1/5,1674,440,Dining
Just Bake,No,No,3.4/5,9,400,Dining
LSD Cafe,No,No,2.9/5,83,700,other
Peppy Peppers,No,No,4.2/5,244,800,other
Hotel Andhra Speices,No,No,2.9/5,0,250,Dining
Chatar Patar,No,No,3.7/5,66,270,Dining
Biryanis And More,Yes,No,4.0/5,561,750,Dining
The Big O Bakes,No,No,4.0/5,71,330,Dining
New Indraprasta,No,No,3.3/5,0,140,Dining
San Churro Cafe,Yes,No,3.8/5,845,880,Buffet
Banashankari Nati Style,No,No,2.9/5,0,350,Dining
Just Bake,No,No,3.4/5,9,360,Dining
Gawdaru Mane Beriyani,No,No,3.3/5,0,330,Dining
Mohitesh Hut Roll,No,No,3.3/5,0,140,Dining
Spice Elephant,Yes,No,4.1/5,745,720,Buffet
Chatar Patar,No,No,3.7/5,69,300,Dining
Coffee Shopee,No,No,3.4/5,0,280,Dining
Hari Super Sandwich,No,No,3.2/5,0,200,Dining
Caf-Eleven,No,No,4.0/5,449,450,Cafes
Kitchen Garden,Yes,No,3.6/5,224,330,Dining
Recipe,Yes,No,4.0/5,842,450,Dining
Coffee Tindi,Yes,No,3.8/5,74,180,Cafes
Parjanya Chat Zone,No,No,3.3/5,16,180,Dining
Corner House Ice Cream,No,No,4.3/5,369,400,Dining
Wamama,Yes,Yes,4.2/5,341,720,other
Cakes & Slices,No,No,3.5/5,14,270,Dining
Jalsa,Yes,Yes,4.1/5,721,880,Buffet
Ruchi Maayaka,No,No,3.3/5,7,110,Dining
Melting Melodies,No,No,3.3/5,0,90,Dining
Peppy Peppers,No,No,4.2/5,248,800,other
Hotel Andhra Speices,No,No,2.9/5,0,250,Dining
Spice Elephant,Yes,No,4.1/5,815,880,Buffet
Vijayalakshmi,Yes,No,3.9/5,43,200,Dining
Jalsa,Yes,Yes,4.1/5,702,720,Buffet
Chill Out,No,No,3.8/5,0,90,Dining
Soms Kitchen & Bakes,No,No,2.9/5,0,360,Dining
Thanishka Nati And Karavali Style,No,No,3.1/5,0,440,Dining
T3H Cafe,No,No,3.9/5,93,300,Cafes
Floured-Baked With Love,No,No,3.8/5,41,360,Dining
Maruthi Davangere Benne Dosa,Yes,No,4.0/5,17,140,Dining
Recipe,Yes,No,4.0/5,747,500,Dining
Annapooraneshwari Mess,No,No,3.7/5,0,180,Dining
Domino's Pizza,Yes,No,3.9/5,558,800,Dining
Shree Cool Point,Yes,No,4.1/5,29,160,Dining
Kolbeh,No,No,3.7/5,22,500,Dining
Srinathji's Cafe,No,No,3.8/5,148,550,Cafes
Polar Bear,Yes,No,3.8/5,77,360,Dining
Melting Melodies,No,No,3.3/5,0,100,Dining
Sweet Truth,Yes,No,3.9/5,38,550,Dining
Spicy Tandoor,No,No,4.1/5,0,150,Dining
CAFE NOVA,No,No,3.2/5,10,660,Dining
Szechuan Dragon,Yes,No,4.2/5,1503,660,Dining
Behrouz Biryani,Yes,No,3.9/5,218,580,Dining
Darbar,No,No,3.0/5,93,720,Dining
Sunsadm,No,No,3.7/5,0,360,Dining
Kabab Magic,Yes,No,4.1/5,1720,400,Dining
Swaada Healthy Kitchen,No,No,3.3/5,0,350,Dining
Kulfi & More,No,No,3.4/5,0,160,Dining
Burger King,Yes,No,3.2/5,69,600,Dining
Burger King,Yes,No,3.2/5,76,660,Dining
Burger King,Yes,No,3.2/5,68,600,Dining
Soms Kitchen & Bakes,No,No,2.9/5,0,440,Dining
Roll Magic Fast Food,No,No,3.4/5,0,180,Dining
Addhuri Udupi Bhojana,No,No,3.7/5,87,300,Buffet
Kidambi's Kitchen,No,No,3.5/5,48,270,Dining
Just Bake,No,No,3.4/5,8,360,Dining
Coffee Tindi,Yes,No,3.8/5,70,200,Cafes
Wood Stove,No,No,3.4/5,0,160,Dining
Tasty Bytes,Yes,No,3.1/5,245,300,Dining
Kidambi's Kitchen,No,No,3.5/5,55,270,Dining
San Churro Cafe,Yes,No,3.8/5,918,800,Buffet
Darbar,No,No,3.0/5,104,880,Dining
Melting Melodies,No,No,3.3/5,0,90,Dining
The Vintage Cafe,Yes,No,3.0/5,60,400,Cafes
Sweet Truth,Yes,No,3.9/5,32,550,Dining
Floured-Baked With Love,No,No,3.8/5,46,400,Dining
Parimala Sweets,No,No,3.5/5,14,200,Dining
Kotian Karavali Restaurant,No,No,3.5/5,11,270,Dining
Annapooraneshwari Mess,No,No,3.7/5,0,220,Dining
Ovenstory Pizza,Yes,No,3.9/5,172,750,Dining
Foodiction,Yes,No,2.8/5,506,500,other
Kadalu Sea Food Restaurant,Yes,No,3.8/5,143,450,Dining
Kidambi's Kitchen,No,No,3.5/5,56,330,Dining
Vaishali Deluxe,No,No,3.8/5,45,770,Dining
San Churro Cafe,Yes,No,3.8/5,948,800,Buffet
Addhuri Udupi Bhojana,No,No,3.7/5,88,300,Buffet
Cakes & Slices,No,No,3.5/5,13,300,Dining
Vi Ra's Bar and Restaurant,No,No,3.3/5,65,720,Dining
Sugar Rush,No,No,3.8/5,42,300,Dining
Kidambi's Kitchen,No,No,3.5/5,54,330,Dining
Katriguppe Donne Biryani,No,No,3.2/5,4,300,Dining
Biryanis And More,Yes,No,4.0/5,585,830,Dining
Devanna Dum Biriyani Centre,Yes,No,3.6/5,28,300,Dining
Chill Out,No,No,3.8/5,0,100,Dining
Bengaluru Coffee House,Yes,No,4.1/5,212,330,Dining
Parimala Sweets,No,No,3.5/5,14,200,Dining
Srinathji's Cafe,No,No,3.8/5,145,550,Cafes
Petoo,No,No,3.7/5,22,400,Dining
Parimala Sweets,No,No,3.5/5,14,220,Dining
Petoo,No,No,3.7/5,22,500,Dining
My Tea House,Yes,No,3.6/5,56,540,Cafes
Wood Stove,No,No,3.4/5,0,150,Dining
Redberrys,Yes,No,4.0/5,202,600,Cafes
Addhuri Udupi Bhojana,No,No,3.7/5,79,270,Buffet
Timepass Dinner,Yes,No,3.8/5,286,600,Buffet
Chinese Kitchen,Yes,No,3.8/5,57,160,Dining
Petoo,No,No,3.7/5,22,450,Dining
Ayda Persian Kitchen,No,No,3.7/5,39,950,Dining
Cuppa,No,No,3.3/5,23,500,Cafes
Recipe,Yes,No,4.0/5,805,500,Dining
Kirthi's Biryani,Yes,No,3.8/5,144,700,Cafes
Vaishali Deluxe,No,No,3.8/5,41,630,Dining
Biryanis And More,Yes,No,4.0/5,676,750,Dining
Thanishka Nati And Karavali Style,No,No,3.1/5,0,360,Dining
Gustoes Beer House,No,No,4.1/5,885,700,Dining
Melting Melodies,No,No,3.3/5,0,100,Dining
Kannadigas Karavali,No,No,3.4/5,0,250,Dining
Five Star Chicken,No,No,3.6/5,52,220,Dining
Jalsa,Yes,Yes,4.1/5,739,720,Buffet
Woodee Pizza,Yes,No,3.7/5,167,450,Cafes
Smacznego,Yes,No,4.2/5,504,550,Cafes
Faasos,Yes,No,4.2/5,430,500,other
The Big O Bakes,No,No,4.0/5,62,300,Dining
Frozen Bottle,Yes,No,4.2/5,146,400,Dining
Kolbeh,No,No,3.7/5,20,450,Dining
Chatar Patar,No,No,3.7/5,67,300,Dining
Catch-up-ino,Yes,No,3.9/5,120,800,Cafes
The Biryani Cafe,No,No,4.1/5,540,270,Dining
San Churro Cafe,Yes,No,3.8/5,998,800,Buffet
Recipe,Yes,No,4.0/5,847,450,Dining
Kitchen Garden,Yes,No,3.6/5,246,300,Dining
Fast And Fresh,Yes,No,2.8/5,92,400,Dining
XO Belgian Waffle,Yes,No,3.7/5,16,360,Dining
Mohitesh Hut Roll,No,No,3.3/5,0,160,Dining
Polar Bear,Yes,No,3.8/5,77,400,Dining
Szechuan Dragon,Yes,No,4.2/5,1721,660,Dining
LSD Cafe,No,No,2.9/5,87,770,other
Wamama,Yes,Yes,4.2/5,359,880,other
The Big O Bakes,No,No,4.0/5,64,270,Dining
Darbar,No,No,3.0/5,102,800,Dining
Wamama,Yes,Yes,4.2/5,383,720,other
Kulfi & More,No,No,3.4/5,0,140,Dining
Kirthi's Biryani,Yes,No,3.8/5,131,700,Cafes
Onesta,Yes,Yes,4.6/5,2556,600,Cafes
New Mangalore Lunch Home,No,No,3.3/5,7,200,Dining
Polar Bear,Yes,No,3.8/5,74,440,Dining
Catch-up-ino,Yes,No,3.9/5,144,800,Cafes
Timepass Dinner,Yes,No,3.8/5,265,660,Buffet
Hotboxit,No,No,3.8/5,37,360,Dining
Szechuan Dragon,Yes,No,4.2/5,1787,600,Dining
Sri Murari Family Restaurant,No,No,2.9/5,0,220,Dining
Vijayalakshmi,Yes,No,3.9/5,46,180,Dining
Chickpet Donne Biryani House,No,No,3.7/5,19,250,Dining
Burger King,Yes,No,3.2/5,75,600,Dining
Cafe Shuffle,Yes,Yes,4.2/5,162,600,Cafes
Cafe Coffee Day,No,No,3.6/5,31,810,Cafes
Kitchen Garden,Yes,No,3.6/5,258,330,Dining
Dharwad Line Bazaar Mishra Pedha,No,No,3.4/5,0,140,Dining
Sea Green Cafe,No,No,3.3/5,4,500,Cafes
The Coffee Shack,Yes,Yes,4.2/5,173,550,Cafes
360 Atoms Restaurant And Cafe,Yes,No,3.1/5,13,400,Cafes
Amma - Manae,No,No,3.1/5,0,440,Dining
Atithi Point Ande Ka Funda,No,No,3.1/5,26,140,Dining
Village Café,Yes,No,4.1/5,402,550,Cafes
San Churro Cafe,Yes,No,3.8/5,943,720,Cafes
Upahar Sagar,No,No,3.8/5,39,350,Dining
Kotian Karavali Restaurant,No,No,3.5/5,11,330,Dining
Empire Restaurant,Yes,No,4.4/5,4502,750,other
Havyaka Mess,No,No,3.9/5,27,300,Dining
Kotian Karavali Restaurant,No,No,3.5/5,11,330,Dining
Banashankari Nati Style,No,No,2.9/5,0,320,Dining
Empire Restaurant,Yes,No,4.4/5,4545,830,other
Thanco's Natural Ice Creams,No,No,3.2/5,9,330,Dining
Darkolates,No,No,3.3/5,0,220,Dining
Swathi Cool Point,No,No,4.1/5,0,200,Dining
Sunsadm,No,No,3.7/5,0,440,Dining
Sri Basaveshwar Jolada Rotti Oota,No,No,3.4/5,0,160,Dining
Grand Village,No,No,3.8/5,178,600,Buffet
Swaada Healthy Kitchen,No,No,3.3/5,0,320,Dining
Jalsa,Yes,Yes,4.1/5,775,800,Buffet
Soms Kitchen & Bakes,No,No,2.9/5,0,400,Dining
XO Belgian Waffle,Yes,No,3.7/5,17,360,Dining
Sugar Rush,No,No,3.8/5,39,270,Dining
Kannadigas Karavali,No,No,3.4/5,0,280,Dining
Melting Melodies,No,No,3.3/5,0,90,Dining
Corner House Ice Cream,No,No,4.3/5,330,440,Dining
Kaggis,No,No,3.8/5,68,280,Dining
Five Star Chicken,No,No,3.6/5,58,200,Dining
Soms Kitchen & Bakes,No,No,2.9/5,0,400,Dining
Kannadigas Karavali,No,No,3.4/5,0,280,Dining
My Tea House,Yes,No,3.6/5,56,660,Cafes
Spice Elephant,Yes,No,4.1/5,865,720,Buffet
Sweet Truth,Yes,No,3.9/5,33,450,Dining
Me And My Cake,No,No,3.7/5,0,500,Dining
Just Bake,No,No,3.4/5,8,360,Dining
The Vintage Cafe,Yes,No,3.0/5,60,360,Cafes
Goa 0 Km,Yes,Yes,3.6/5,157,800,Dining
Havyaka Mess,No,No,3.9/5,28,330,Dining
Burger King,Yes,No,3.2/5,71,600,Dining
Kotian Karavali Restaurant,No,No,3.5/5,10,300,Dining
Foodlieious Multi Cuisine,No,No,3.4/5,0,100,Dining
Shree Cool Point,Yes,No,4.1/5,26,150,Dining
Chatar Patar,No,No,3.7/5,63,300,Dining
Ayda Persian Kitchen,No,No,3.7/5,42,860,Dining
New Indraprasta,No,No,3.3/5,0,150,Dining
Nandhini Deluxe,No,No,2.6/5,277,660,Dining
Wamama,Yes,Yes,4.2/5,368,800,other
Amma - Manae,No,No,3.1/5,0,400,Dining
Kaumudis Juoice,No,No,3.3/5,0,150,Dining
Krishna Sagar,No,No,3.5/5,31,180,Dining
Cuppa,No,No,3.3/5,23,550,Cafes
Chill Out,No,No,3.8/5,0,90,Dining
Sunsadm,No,No,3.7/5,0,440,Dining
Amma - Manae,No,No,3.1/5,0,400,Dining
Chatar Patar,No,No,3.7/5,62,300,Dining
Woodee Pizza,Yes,No,3.7/5,175,550,Cafes
Amma - Manae,No,No,3.1/5,0,440,Dining
Darkolates,No,No,3.3/5,0,200,Dining
San Churro Cafe,Yes,No,3.8/5,862,720,Cafes
Rosewood International Hotel - Bar & Restaurant,No,No,3.6/5,8,800,Buffet
Cafe Coffee Day,No,No,3.6/5,29,810,Cafes
XO Belgian Waffle,Yes,No,3.7/5,18,440,Dining
LSD Cafe,No,No,2.9/5,84,700,other
Goa 0 Km,Yes,Yes,3.6/5,148,720,Dining
Floured-Baked With Love,No,No,3.8/5,47,360,Dining
Kaumudis Juoice,No,No,3.3/5,0,150,Dining
Anna Kuteera,Yes,No,4.0/5,771,450,Dining
Cuppa,No,No,3.3/5,24,500,Cafes
Coffee Bytes,No,No,3.1/5,6,100,Dining
San Churro Cafe,Yes,No,3.8/5,983,720,Cafes
Kolbeh,No,No,3.7/5,24,450,Dining
Sunsadm,No,No,3.7/5,0,440,Dining
Thanishka Nati And Karavali Style,No,No,3.1/5,0,400,Dining
XO Belgian Waffle,Yes,No,3.7/5,17,440,Dining
Swaada Healthy Kitchen,No,No,3.3/5,0,320,Dining
Dessert Rose,No,No,3.5/5,7,550,Dining
Havyaka Mess,No,No,3.9/5,28,300,Dining
Cafe Shuffle,Yes,Yes,4.2/5,158,540,Cafes
Naveen Kabab & Biriyani Mane,No,No,3.2/5,9,300,Dining
Behrouz Biryani,Yes,No,3.9/5,246,650,Dining
Banashankari Donne Biriyani,Yes,No,3.8/5,104,300,Dining
Sea Green Cafe,No,No,3.3/5,4,550,Cafes
Sri Sai Tiffannies,No,No,3.3/5,0,140,Dining
Ovenstory Pizza,Yes,No,3.9/5,170,680,Dining
Goa 0 Km,Yes,Yes,3.6/5,178,720,Dining
Hide Out Cafe,No,No,3.7/5,31,300,Cafes
Kwality Wall's Swirl's Happiness Station,No,No,2.9/5,27,200,Dining
Smacznego,Yes,No,4.2/5,466,600,Cafes
Thanco's Natural Ice Creams,No,No,3.2/5,9,300,Dining
Sugar Rush,No,No,3.8/5,38,270,Dining
San Churro Cafe,Yes,No,3.8/5,898,800,Buffet
Just Bake,No,No,3.4/5,8,360,Dining
Vijayalakshmi,Yes,No,3.9/5,51,180,Dining
Shree Cool Point,Yes,No,4.1/5,28,150,Dining
Sri Sai Tiffannies,No,No,3.3/5,0,160,Dining
Kulfi & More,No,No,3.4/5,0,150,Dining
Kabab Magic,Yes,No,4.1/5,1751,400,Dining
Frozen Bottle,Yes,No,4.2/5,142,440,Dining
Foodlieious Multi Cuisine,No,No,3.4/5,0,90,Dining
Annapooraneshwari Mess,No,No,3.7/5,0,200,Dining
New Indraprasta,No,No,3.3/5,0,160,Dining
Kulfi & More,No,No,3.4/5,0,150,Dining
Hotboxit,No,No,3.8/5,37,440,Dining
Dessert Rose,No,No,3.5/5,7,550,Dining
Tasty Bytes,Yes,No,3.1/5,252,300,Dining
T3H Cafe,No,No,3.9/5,93,300,Cafes
Frozen Bottle,Yes,No,4.2/5,133,360,Dining
Naveen Kabab & Biriyani Mane,No,No,3.2/5,9,300,Dining
Nandhini Deluxe,No,No,2.6/5,292,660,Dining
Floured-Baked With Love,No,No,3.8/5,44,440,Dining
K27 - The Pub,No,No,3.1/5,29,900,Dining
Vaishali Deluxe,No,No,3.8/5,42,700,Dining
Goa 0 Km,Yes,Yes,3.6/5,163,800,Dining
Rosewood International Hotel - Bar & Restaurant,No,No,3.6/5,8,800,Buffet
Kabab Magic,Yes,No,4.1/5,1562,400,Dining
Mohitesh Hut Roll,No,No,3.3/5,0,140,Dining
Penthouse Cafe,Yes,No,4.0/5,305,630,other
Just Bake,No,No,3.4/5,7,360,Dining
Melting Melodies,No,No,3.3/5,0,90,Dining
Coffee Shopee,No,No,3.4/5,0,250,Dining
The Coffee Shack,Yes,Yes,4.2/5,164,500,Cafes
Spicy Tandoor,No,No,4.1/5,0,140,Dining
Aarush's Food Plaza,No,No,3.4/5,0,200,Dining
The Coffee Shack,Yes,Yes,4.2/5,160,550,Cafes
Hari Super Sandwich,No,No,3.2/5,0,220,Dining
Dessert Rose,No,No,3.5/5,7,550,Dining
Kadalu Sea Food Restaurant,Yes,No,3.8/5,156,450,Dining
Nandhini Deluxe,No,No,2.6/5,271,600,Dining
Foodlieious Multi Cuisine,No,No,3.4/5,0,90,Dining
Vi Ra's Bar and Restaurant,No,No,3.3/5,59,880,Dining
Rolls On Wheels,No,No,3.6/5,272,300,Dining
Anna Kuteera,Yes,No,4.0/5,758,450,Dining
Roving Feast,No,No,4.0/5,975,500,Dining
Wamama,Yes,Yes,4.2/5,371,720,other
Just Bake,No,No,3.4/5,8,440,Dining
Hotel Andhra Speices,No,No,2.9/5,0,280,Dining
Sea Green Cafe,No,No,3.3/5,4,450,Cafes
Cake Bite,No,No,3.4/5,0,270,Dining
Spice Elephant,Yes,No,4.1/5,744,800,Buffet
Kidambi's Kitchen,No,No,3.5/5,56,270,Dining
Om Sri Vinayaka Chats,No,No,3.6/5,0,500,Dining
Namma Brahmin's Idli,Yes,No,3.6/5,33,90,Dining
CAFE NOVA,No,No,3.2/5,11,600,Dining
Annapooraneshwari Mess,No,No,3.7/5,0,200,Dining
Beijing Bites,Yes,No,3.7/5,736,940,Dining
Rolls On Wheels,No,No,3.6/5,299,300,Dining
Dharwad Line Bazaar Mishra Pedha,No,No,3.4/5,0,150,Dining
Catch-up-ino,Yes,No,3.9/5,121,880,Cafes
Cake of the Day,No,No,3.7/5,79,150,Dining
New Indraprasta,No,No,3.3/5,0,140,Dining
CAFE NOVA,No,No,3.2/5,11,600,Dining
Cake Bite,No,No,3.4/5,0,300,Dining
Chatar Patar,No,No,3.7/5,59,300,Dining
Om Sri Vinayaka Chats,No,No,3.6/5,0,450,Dining
Swaada Healthy Kitchen,No,No,3.3/5,0,390,Dining
Darbar,No,No,3.0/5,104,880,Dining
Annapooraneshwari Mess,No,No,3.7/5,0,200,Dining
Amma - Manae,No,No,3.1/5,0,360,Dining
Chickpet Donne Biryani House,No,No,3.7/5,21,250,Dining
Chickpet Donne Biryani House,No,No,3.7/5,22,280,Dining
CAFE NOVA,No,No,3.2/5,10,660,Dining
Rolls On Wheels,No,No,3.6/5,320,270,Dining
Thanishka Nati And Karavali Style,No,No,3.1/5,0,400,Dining
T3H Cafe,No,No,3.9/5,92,270,Cafes
The Coffee Shack,Yes,Yes,4.2/5,171,550,Cafes
Sea Green Cafe,No,No,3.3/5,4,550,Cafes
Nandhini Deluxe,No,No,2.6/5,283,600,Dining
Cafe Shuffle,Yes,Yes,4.2/5,150,600,Cafes
Szechuan Dragon,Yes,No,4.2/5,1606,540,Dining
Chill Out,No,No,3.8/5,0,90,Dining
Domino's Pizza,Yes,No,3.9/5,540,800,Dining
McDonald's,Yes,No,3.9/5,286,500,Dining
Kaggis,No,No,3.8/5,69,220,Dining
The Vintage Cafe,Yes,No,3.0/5,64,440,Cafes
K27 - The Pub,No,No,3.1/5,28,990,Dining
The Big O Bakes,No,No,4.0/5,65,270,Dining
Srinathji's Cafe,No,No,3.8/5,151,550,Cafes
Foodiction,Yes,No,2.8/5,530,500,other
Kidambi's Kitchen,No,No,3.5/5,52,300,Dining
Namma Brahmin's Idli,Yes,No,3.6/5,37,90,Dining
Roll Magic Fast Food,No,No,3.4/5,0,220,Dining
Empire Restaurant,Yes,No,4.4/5,5352,830,other
Timepass Dinner,Yes,No,3.8/5,264,660,Buffet
Cake Bite,No,No,3.4/5,0,270,Dining
Hide Out Cafe,No,No,3.7/5,28,330,Cafes
Kitchen Garden,Yes,No,3.6/5,239,270,Dining
Jeet Restaurant,No,Yes,4.0/5,838,940,Dining
Woodee Pizza,Yes,No,3.7/5,177,500,Cafes
Thanco's Natural Ice Creams,No,No,3.2/5,8,330,Dining
Foodlieious Multi Cuisine,No,No,3.4/5,0,100,Dining
Vaishali Deluxe,No,No,3.8/5,46,770,Dining
360 Atoms Restaurant And Cafe,Yes,No,3.1/5,13,360,Cafes
Swaada Healthy Kitchen,No,No,3.3/5,0,320,Dining
Hotel Andhra Speices,No,No,2.9/5,0,280,Dining
Katriguppe Donne Biryani,No,No,3.2/5,4,270,Dining
Chickpet Donne Biryani House,No,No,3.7/5,23,250,Dining
Cafe Coffee Day,No,No,3.6/5,29,810,Cafes
Darbar,No,No,3.0/5,90,720,Dining
Cafe Vivacity,Yes,No,3.8/5,90,650,Cafes
Sugar Rush,No,No,3.8/5,38,300,Dining
Sunsadm,No,No,3.7/5,0,360,Dining
Cake of the Day,No,No,3.7/5,71,140,Dining
Petoo,No,No,3.7/5,23,500,Dining
XO Belgian Waffle,Yes,No,3.7/5,17,400,Dining
Cafe Coffee Day,No,No,3.6/5,28,900,Cafes
Mohitesh Hut Roll,No,No,3.3/5,0,140,Dining
Vijayalakshmi,Yes,No,3.9/5,42,180,Dining
Caf-Eleven,No,No,4.0/5,458,400,Cafes
Shree Cool Point,Yes,No,4.1/5,26,150,Dining
Wamama,Yes,Yes,4.2/5,336,720,other
Upahar Sagar,No,No,3.8/5,36,320,Dining
Ovenstory Pizza,Yes,No,3.9/5,167,830,Dining
Biryanis And More,Yes,No,4.0/5,653,750,Dining
New Mangalore Lunch Home,No,No,3.3/5,7,180,Dining
Thanco's Natural Ice Creams,No,No,3.2/5,9,300,Dining
Kidambi's Kitchen,No,No,3.5/5,54,330,Dining
Sugar Rush,No,No,3.8/5,39,300,Dining
Coffee Bytes,No,No,3.1/5,6,100,Dining
Sunsadm,No,No,3.7/5,0,400,Dining
Recipe,Yes,No,4.0/5,843,400,Dining
My Tea House,Yes,No,3.6/5,56,600,Cafes
The Vintage Cafe,Yes,No,3.0/5,68,360,Cafes
Om Sri Vinayaka Chats,No,No,3.6/5,0,500,Dining
CAFE NOVA,No,No,3.2/5,10,660,Cafes
Chatar Patar,No,No,3.7/5,69,300,Dining
Penthouse Cafe,Yes,No,4.0/5,320,630,other
Sea Green Cafe,No,No,3.3/5,4,550,Cafes
Chaatimes,Yes,No,3.8/5,124,200,Dining
Chatar Patar,No,No,3.7/5,71,330,Dining
Kulfi & More,No,No,3.4/5,0,150,Dining
Chickpet Donne Biryani House,No,No,3.7/5,20,280,Dining
Jalsa,Yes,Yes,4.1/5,799,720,Buffet
Peppy Peppers,No,No,4.2/5,244,800,other
Cafe Shuffle,Yes,Yes,4.2/5,141,660,Cafes
Banashankari Nati Style,No,No,2.9/5,0,350,Dining
Wood Stove,No,No,3.4/5,0,150,Dining
San Churro Cafe,Yes,No,3.8/5,946,800,Cafes
Kulfi & More,No,No,3.4/5,0,150,Dining
Wamama,Yes,Yes,4.2/5,354,800,other
Cake Bite,No,No,3.4/5,0,300,Dining
Nandhini Deluxe,No,No,2.6/5,307,540,Dining
Rolls On Wheels,No,No,3.6/5,298,270,Dining
The Coffee Shack,Yes,Yes,4.2/5,167,550,Cafes
Kitchen Garden,Yes,No,3.6/5,244,300,Dining
Rosewood International Hotel - Bar & Restaurant,No,No,3.6/5,9,720,Buffet
Onesta,Yes,Yes,4.6/5,2448,660,Cafes
Dessert Rose,No,No,3.5/5,7,450,Dining
Devanna Dum Biriyani Centre,Yes,No,3.6/5,28,300,Dining
CAFE NOVA,No,No,3.2/5,10,540,Dining
Vi Ra's Bar and Restaurant,No,No,3.3/5,66,720,Dining
McDonald's,Yes,No,3.9/5,309,450,Dining
Wood Stove,No,No,3.4/5,0,140,Dining
Roll Magic Fast Food,No,No,3.4/5,0,220,Dining
Ruchi Maayaka,No,No,3.3/5,9,110,Dining
Penthouse Cafe,Yes,No,4.0/5,332,630,other
Annapooraneshwari Mess,No,No,3.7/5,0,220,Dining
Kwality Wall's Swirl's Happiness Station,No,No,2.9/5,25,200,Dining
Kolbeh,No,No,3.7/5,23,500,Dining
Petoo,No,No,3.7/5,21,450,Dining
XO Belgian Waffle,Yes,No,3.7/5,16,440,Dining
Thanco's Natural Ice Creams,No,No,3.2/5,10,270,Dining
Gawdaru Mane Beriyani,No,No,3.3/5,0,300,Dining
The Big O Bakes,No,No,4.0/5,64,300,Dining
Onesta,Yes,Yes,4.6/5,2744,600,Cafes
Banashankari Donne Biriyani,Yes,No,3.8/5,106,270,Dining
Coffee Bytes,No,No,3.1/5,6,90,Dining
360 Atoms Restaurant And Cafe,Yes,No,3.1/5,13,400,Cafes
Kulfi & More,No,No,3.4/5,0,140,Dining
Kadalu Sea Food Restaurant,Yes,No,3.8/5,139,450,Dining
Nandhini Deluxe,No,No,2.6/5,270,660,Dining
Peppy Peppers,No,No,4.2/5,249,880,other
Kidambi's Kitchen,No,No,3.5/5,56,270,Dining
Aramane Donne Biriyani,No,No,2.9/5,0,140,Dining
Empire Restaurant,Yes,No,4.4/5,4884,750,other
Coffee Shopee,No,No,3.4/5,0,280,Dining
Chatar Patar,No,No,3.7/5,60,300,Dining
Jalsa,Yes,Yes,4.1/5,708,720,Buffet
Peppy Peppers,No,No,4.2/5,260,800,other
Addhuri Udupi Bhojana,No,No,3.7/5,94,270,Buffet
Devanna Dum Biriyani Centre,Yes,No,3.6/5,31,300,Dining
Kotian Karavali Restaurant,No,No,3.5/5,11,300,Dining
Coffee Tindi,Yes,No,3.8/5,69,220,Cafes
Atithi Point Ande Ka Funda,No,No,3.1/5,27,160,Dining
Hotboxit,No,No,3.8/5,33,360,Dining
Mane Thindi,No,No,3.7/5,124,220,Dining
Kirthi's Biryani,Yes,No,3.8/5,144,700,Cafes
Ruchi Maayaka,No,No,3.3/5,8,100,Dining
Szechuan Dragon,Yes,No,4.2/5,1537,660,Dining
Sri Sai Tiffannies,No,No,3.3/5,0,150,Dining
Coffee Shopee,No,No,3.4/5,0,220,Dining
Spicy Tandoor,No,No,4.1/5,0,150,Dining
Corner House Ice Cream,No,No,4.3/5,359,440,Dining
Aarush's Food Plaza,No,No,3.4/5,0,200,Dining
Melting Melodies,No,No,3.3/5,0,110,Dining
Polar Bear,Yes,No,3.8/5,75,400,Dining
Kaumudis Juoice,No,No,3.3/5,0,150,Dining
Cafe Shuffle,Yes,Yes,4.2/5,152,600,Cafes
Nandhini Deluxe,No,No,2.6/5,292,540,Dining
Hotboxit,No,No,3.8/5,37,360,Dining
Kannadigas Karavali,No,No,3.4/5,0,280,Dining
Anna Kuteera,Yes,No,4.0/5,719,450,Dining
Faasos,Yes,No,4.2/5,419,550,other
Recipe,Yes,No,4.0/5,868,450,Dining
Jeet Restaurant,No,Yes,4.0/5,850,760,Dining
Hotboxit,No,No,3.8/5,36,400,Dining
Rolls On Wheels,No,No,3.6/5,278,270,Dining
Krishna Sagar,No,No,3.5/5,31,220,Dining
Just Bake,No,No,3.4/5,9,440,Dining
Beijing Bites,Yes,No,3.7/5,732,850,Dining
Catch-up-ino,Yes,No,3.9/5,133,800,Cafes
New Mangalore Lunch Home,No,No,3.3/5,6,220,Dining
Beijing Bites,Yes,No,3.7/5,679,850,Dining
Beijing Bites,Yes,No,3.7/5,701,940,Dining
Aramane Donne Biriyani,No,No,2.9/5,0,160,Dining
Soms Kitchen & Bakes,No,No,2.9/5,0,400,Dining
San Churro Cafe,Yes,No,3.8/5,849,800,Buffet
Grand Village,No,No,3.8/5,172,600,Buffet
Ruchi Maayaka,No,No,3.3/5,7,100,Dining
Smacznego,Yes,No,4.2/5,488,500,Cafes
Soms Kitchen & Bakes,No,No,2.9/5,0,360,Dining
Penthouse Cafe,Yes,No,4.0/5,334,700,other
Coffee Tindi,Yes,No,3.8/5,75,200,Cafes
Smacznego,Yes,No,4.2/5,523,500,Cafes
The Big O Bakes,No,No,4.0/5,61,300,Dining
Sri Guru Kottureshwara Davangere Benne Dosa,Yes,No,4.1/5,568,150,Dining
Roll Magic Fast Food,No,No,3.4/5,0,200,Dining
Chinese Kitchen,Yes,No,3.8/5,57,140,Dining
Szechuan Dragon,Yes,No,4.2/5,1647,600,Dining
Catch-up-ino,Yes,No,3.9/5,134,720,Cafes
Chatar Patar,No,No,3.7/5,59,270,Dining
Wamama,Yes,Yes,4.2/5,353,800,other
Gawdaru Mane Beriyani,No,No,3.3/5,0,300,Dining
Onesta,Yes,Yes,4.6/5,2380,600,Cafes
Chickpet Donne Biryani House,No,No,3.7/5,20,220,Dining
Thanco's Natural Ice Creams,No,No,3.2/5,9,270,Dining
Hari Super Sandwich,No,No,3.2/5,0,220,Dining
Banashankari Nati Style,No,No,2.9/5,0,350,Dining
Rosewood International Hotel - Bar & Restaurant,No,No,3.6/5,8,720,Buffet
Wood Stove,No,No,3.4/5,0,150,Dining
Thanco's Natural Ice Creams,No,No,3.2/5,9,270,Dining
Cafe Shuffle,Yes,Yes,4.2/5,136,660,Cafes
Kaumudis Juoice,No,No,3.3/5,0,160,Dining
Szechuan Dragon,Yes,No,4.2/5,1499,540,Dining
Corner House Ice Cream,No,No,4.3/5,341,400,Dining
Thanco's Natural Ice Creams,No,No,3.2/5,9,300,Dining
The Biryani Cafe,No,No,4.1/5,478,270,Dining
Timepass Dinner,Yes,No,3.8/5,271,540,Buffet
Grand Village,No,No,3.8/5,179,540,Buffet
Just Bake,No,No,3.4/5,7,360,Dining
Atithi Point Ande Ka Funda,No,No,3.1/5,29,150,Dining
Krishna Sagar,No,No,3.5/5,31,180,Dining
Caf-Eleven,No,No,4.0/5,465,500,Cafes
Floured-Baked With Love,No,No,3.8 /5,45,400,Dining
Annapooraneshwari Mess,No,No,3.7/5,0,200,Dining
Fast And Fresh,Yes,No,2.8/5,85,360,Dining
Devanna Dum Biriyani Centre,Yes,No,3.6/5,30,270,Dining
Kidambi's Kitchen,No,No,3.5/5,55,330,Dining
Ayda Persian Kitchen,No,No,3.7/5,35,950,Dining
Sunsadm,No,No,3.7/5,0,360,Dining
K27 - The Pub,No,No,3.1/5,30,900,Dining
Biryanis And More,Yes,No,4.0/5,618,750,Dining
Spice 9,No,No,3.4/5,8,330,Dining
Srinathji's Cafe,No,No,3.8/5,155,500,Cafes
Jeet Restaurant,No,Yes,4.0/5,754,760,Dining
Anna Kuteera,Yes,No,4.0/5,712,450,Dining
Me And My Cake,No,No,3.7/5,0,450,Dining
Chinese Kitchen,Yes,No,3.8/5,58,160,Dining
Kulfi & More,No,No,3.4/5,0,160,Dining
Penthouse Cafe,Yes,No,4.0/5,324,700,other
Upahar Sagar,No,No,3.8/5,38,320,Dining
Fast And Fresh,Yes,No,2.8/5,91,400,Dining
Behrouz Biryani,Yes,No,3.9/5,246,720,Dining
The Good Bowl,Yes,No,3.6/5,6,550,Dining
Kotian Karavali Restaurant,No,No,3.5/5,10,330,Dining
Sri Basaveshwar Jolada Rotti Oota,No,No,3.4/5,0,160,Dining
Corner House Ice Cream,No,No,4.3/5,378,400,Dining
Faasos,Yes,No,4.2/5,378,500,other
Corner House Ice Cream,No,No,4.3/5,332,400,Dining
The Big O Bakes,No,No,4.0/5,72,330,Dining
Hari Super Sandwich,No,No,3.2/5,0,200,Dining
Shree Cool Point,Yes,No,4.1/5,26,140,Dining
Penthouse Cafe,Yes,No,4.0/5,353,630,other
Vi Ra's Bar and Restaurant,No,No,3.3/5,56,720,Dining
Hotboxit,No,No,3.8/5,34,440,Dining
San Churro Cafe,Yes,No,3.8/5,984,880,Cafes
Cakes & Slices,No,No,3.5/5,14,300,Dining
Sri Sai Tiffannies,No,No,3.3/5,0,140,Dining
Hari Super Sandwich,No,No,3.2/5,0,220,Dining
My Tea House,Yes,No,3.6/5,65,660,Cafes
Naveen Kabab & Biriyani Mane,No,No,3.2/5,9,270,Dining
Roving Feast,No,No,4.0/5,971,400,Dining
Vijayalakshmi,Yes,No,3.9/5,47,200,Dining
Darbar,No,No,3.0/5,98,800,Dining
Srinathji's Cafe,No,No,3.8/5,147,500,Cafes
CAFE NOVA,No,No,3.2/5,11,540,Cafes
Roving Feast,No,No,4.0/5,1036,500,Dining
Chickpet Donne Biryani House,No,No,3.7/5,22,250,Dining
Chatar Patar,No,No,3.7/5,69,270,Dining
Foodiction,Yes,No,2.8/5,489,500,other
Aarush's Food Plaza,No,No,3.4/5,0,180,Dining
XO Belgian Waffle,Yes,No,3.7/5,16,400,Dining
Parjanya Chat Zone,No,No,3.3/5,17,200,Dining
Kitchen Garden,Yes,No,3.6/5,247,270,Dining
Darbar,No,No,3.0/5,99,880,Dining
Melting Melodies,No,No,3.3/5,0,100,Dining
The Coffee Shack,Yes,Yes,4.2/5,148,450,Cafes
Kadalu Sea Food Restaurant,Yes,No,3.8/5,142,500,Dining
Om Sri Vinayaka Chats,No,No,3.6/5,0,550,Dining
Domino's Pizza,Yes,No,3.9/5,586,720,Dining
Goa 0 Km,Yes,Yes,3.6/5,155,720,Dining
Coffee Tindi,Yes,No,3.8/5,74,200,Cafes
Coffee Bytes,No,No,3.1/5,6,100,Dining
Kirthi's Biryani,Yes,No,3.8/5,135,630,Cafes
Swathi Cool Point,No,No,4.1/5,0,200,Dining
Banashankari Nati Style,No,No,2.9/5,0,390,Dining
Floured-Baked With Love,No,No,3.8/5,42,400,Dining
Wood Stove,No,No,3.4/5,0,160,Dining
Domino's Pizza,Yes,No,3.9/5,592,800,Dining
Tasty Bytes,Yes,No,3.1/5,237,270,Dining
Atithi Point Ande Ka Funda,No,No,3.1/5,26,150,Dining
Onesta,Yes,Yes,4.6/5,2791,540,other
Anna Kuteera,Yes,No,4.0/5,758,400,Dining
Sri Basaveshwar Jolada Rotti Oota,No,No,3.4/5,0,150,Dining
New Indraprasta,No,No,3.3/5,0,140,Dining
The Vintage Cafe,Yes,No,3.0/5,59,400,Cafes
Me And My Cake,No,No,3.7/5,0,500,Dining
New Indraprasta,No,No,3.3/5,0,150,Dining
Ayda Persian Kitchen,No,No,3.7/5,38,860,Dining
Roving Feast,No,No,4.0/5,944,400,Dining
Chaatimes,Yes,No,3.8/5,131,180,Dining
Coffee Tindi,Yes,No,3.8/5,72,220,Cafes
Roll Magic Fast Food,No,No,3.4/5,0,180,Dining
Jalsa,Yes,Yes,4.1/5,847,720,Buffet
Hari Super Sandwich,No,No,3.2/5,0,220,Dining
Timepass Dinner,Yes,No,3.8/5,290,600,Buffet
Melting Melodies,No,No,3.3/5,0,110,Dining
Empire Restaurant,Yes,No,4.4/5,4636,680,other
The Biryani Cafe,No,No,4.1/5,569,270,Dining
Vijayalakshmi,Yes,No,3.9/5,42,220,Dining
Sugar Rush,No,No,3.8/5,42,270,Dining
Mohitesh Hut Roll,No,No,3.3/5,0,150,Dining
Behrouz Biryani,Yes,No,3.9/5,236,720,Dining
New Mangalore Lunch Home,No,No,3.3/5,7,220,Dining
Floured-Baked With Love,No,No,3.8/5,41,440,Dining
New Indraprasta,No,No,3.3/5,0,150,Dining
Just Bake,No,No,3.4/5,8,400,Dining
Wood Stove,No,No,3.4/5,0,140,Dining
Amma - Manae,No,No,3.1/5,0,400,Dining
Szechuan Dragon,Yes,No,4.2/5,1625,600,Dining
Aramane Donne Biriyani,No,No,2.9/5,0,160,Dining
Roll Magic Fast Food,No,No,3.4/5,0,220,Dining
Atithi Point Ande Ka Funda,No,No,3.1/5,31,160,Dining
Maruthi Davangere Benne Dosa,Yes,No,4.0/5,18,150,Dining
Spice 9,No,No,3.4/5,9,270,Dining
Sweet Truth,Yes,No,3.9/5,32,550,Dining
Shree Cool Point,Yes,No,4.1/5,29,150,Dining
Swathi Cool Point,No,No,4.1/5,0,220,Dining
Sri Basaveshwar Jolada Rotti Oota,No,No,3.4/5,0,160,Dining
Cake of the Day,No,No,3.7/5,82,150,Dining
Addhuri Udupi Bhojana,No,No,3.7/5,85,300,Buffet
CAFE NOVA,No,No,3.2/5,10,660,Cafes
Chaatimes,Yes,No,3.8/5,126,180,Dining
Aramane Donne Biriyani,No,No,2.9/5,0,140,Dining
Havyaka Mess,No,No,3.9/5,28,330,Dining
San Churro Cafe,Yes,No,3.8/5,955,720,Buffet
Naveen Kabab & Biriyani Mane,No,No,3.2/5,9,300,Dining
Rolls On Wheels,No,No,3.6/5,271,300,Dining
Rolls On Wheels,No,No,3.6/5,304,270,Dining
Anna Kuteera,Yes,No,4.0/5,792,500,Dining
The Vintage Cafe,Yes,No,3.0/5,62,360,Cafes
The Good Bowl,Yes,No,3.6/5,6,450,Dining
Swathi Cool Point,No,No,4.1/5,0,180,Dining
Foodlieious Multi Cuisine,No,No,3.4/5,0,90,Dining
Burger King,Yes,No,3.2/5,76,600,Dining
Havyaka Mess,No,No,3.9/5,27,270,Dining
Cafe Coffee Day,No,No,3.6/5,30,900,Cafes
Darkolates,No,No,3.3/5,0,220,Dining
Village Café,Yes,No,4.1/5,403,500,Cafes
Goa 0 Km,Yes,Yes,3.6/5,155,800,Dining
Burger King,Yes,No,3.2/5,77,540,Dining
Chatar Patar,No,No,3.7/5,65,330,Dining
FreshMenu,Yes,No,3.9/5,663,400,Dining
Soms Kitchen & Bakes,No,No,2.9/5,0,360,Dining
Parimala Sweets,No,No,3.5/5,14,180,Dining
Kadalu Sea Food Restaurant,Yes,No,3.8/5,158,550,Dining
Parjanya Chat Zone,No,No,3.3/5,16,220,Dining
Sri Basaveshwar Jolada Rotti Oota,No,No,3.4/5,0,160,Dining
Cake Bite,No,No,3.4/5,0,300,Dining
New Indraprasta,No,No,3.3/5,0,160,Dining
The Big O Bakes,No,No,4.0/5,66,300,Dining
Recipe,Yes,No,4.0/5,772,450,Dining
Cafe Vivacity,Yes,No,3.8/5,89,580,Cafes
Polar Bear,Yes,No,3.8/5,77,440,Dining
Annapooraneshwari Mess,No,No,3.7/5,0,220,Dining
Behrouz Biryani,Yes,No,3.9/5,230,650,Dining
Sugar Rush,No,No,3.8/5,40,330,Dining
Dessert Rose,No,No,3.5/5,8,550,Dining
Behrouz Biryani,Yes,No,3.9/5,221,720,Dining
Ovenstory Pizza,Yes,No,3.9/5,184,830,Dining
Sea Green Cafe,No,No,3.3/5,4,500,Cafes
CAFE NOVA,No,No,3.2/5,11,600,Cafes
Swaada Healthy Kitchen,No,No,3.3/5,0,390,Dining
Five Star Chicken,No,No,3.6/5,56,200,Dining
Vi Ra's Bar and Restaurant,No,No,3.3/5,62,800,Dining
McDonald's,Yes,No,3.9/5,271,550,Dining
Cafe Shuffle,Yes,Yes,4.2/5,148,660,Cafes
Thanishka Nati And Karavali Style,No,No,3.1/5,0,360,Dining
Onesta,Yes,Yes,4.6/5,2422,660,Cafes
Jalsa,Yes,Yes,4.1/5,828,800,Buffet
Sunsadm,No,No,3.7/5,0,400,Dining
Ruchi Maayaka,No,No,3.3/5,9,90,Dining
Hari Super Sandwich,No,No,3.2/5,0,200,Dining
Biryanis And More,Yes,No,4.0/5,573,680,Dining
Sweet Truth,Yes,No,3.9/5,36,450,Dining
Hotel Andhra Speices,No,No,2.9/5,0,250,Dining
Naveen Kabab & Biriyani Mane,No,No,3.2/5,9,300,Dining
Cafe Shuffle,Yes,Yes,4.2/5,139,600,Cafes
Behrouz Biryani,Yes,No,3.9/5,218,650,Dining
My Tea House,Yes,No,3.6/5,61,600,Cafes
Grand Village,No,No,3.8/5,166,600,Buffet
Thanishka Nati And Karavali Style,No,No,3.1/5,0,440,Dining
New Mangalore Lunch Home,No,No,3.3/5,7,200,Dining
Kolbeh,No,No,3.7/5,24,500,Dining
Ruchi Maayaka,No,No,3.3/5,8,110,Dining
Mohitesh Hut Roll,No,No,3.3/5,0,160,Dining
Jalsa,Yes,Yes,4.1/5,769,720,Buffet
Kulfi & More,No,No,3.4/5,0,150,Dining
Darbar,No,No,3.0/5,92,880,Dining
Chatar Patar,No,No,3.7/5,65,300,Dining
McDonald's,Yes,No,3.9/5,306,500,Dining
Anna Kuteera,Yes,No,4.0/5,746,500,Dining
Chickpet Donne Biryani House,No,No,3.7/5,22,220,Dining
Hari Super Sandwich,No,No,3.2/5,0,180,Dining
Chickpet Donne Biryani House,No,No,3.7/5,21,250,Dining
Recipe,Yes,No,4.0/5,804,450,Dining
Sweet Truth,Yes,No,3.9/5,35,500,Dining
Tasty Bytes,Yes,No,3.1/5,261,300,Dining
Bengaluru Coffee House,Yes,No,4.1/5,217,300,Dining
Foodlieious Multi Cuisine,No,No,3.4/5,0,100,Dining
Kaumudis Juoice,No,No,3.3/5,0,150,Dining
Sea Green Cafe,No,No,3.3/5,4,500,Cafes
New Indraprasta,No,No,3.3/5,0,150,Dining
Sri Murari Family Restaurant,No,No,2.9/5,0,220,Dining
Shree Cool Point,Yes,No,4.1/5,31,160,Dining
Kitchen Garden,Yes,No,3.6/5,267,270,Dining
Katriguppe Donne Biryani,No,No,3.2/5,4,270,Dining
Bengaluru Coffee House,Yes,No,4.1/5,200,330,Dining
Parjanya Chat Zone,No,No,3.3/5,15,200,Dining
FreshMenu,Yes,No,3.9/5,684,450,Dining
Ruchi Maayaka,No,No,3.3/5,8,110,Dining
Just Bake,No,No,3.4/5,8,440,Dining
Chinese Kitchen,Yes,No,3.8/5,59,160,Dining
Sri Murari Family Restaurant,No,No,2.9/5,0,250,Dining
Chinese Kitchen,Yes,No,3.8/5,58,150,Dining
Beijing Bites,Yes,No,3.7/5,684,940,Dining
Naveen Kabab & Biriyani Mane,No,No,3.2/5,9,300,Dining
Mohitesh Hut Roll,No,No,3.3/5,0,150,Dining
K27 - The Pub,No,No,3.1/5,32,990,Dining
Mohitesh Hut Roll,No,No,3.3/5,0,150,Dining
Kitchen Garden,Yes,No,3.6/5,233,300,Dining
Chinese Kitchen,Yes,No,3.8/5,54,140,Dining
Cake of the Day,No,No,3.7/5,78,150,Dining
Foodlieious Multi Cuisine,No,No,3.4/5,0,90,Dining
San Churro Cafe,Yes,No,3.8/5,918,800,Cafes
Rolls On Wheels,No,No,3.6/5,277,330,Dining
Chaatimes,Yes,No,3.8/5,133,200,Dining
Dharwad Line Bazaar Mishra Pedha,No,No,3.4/5,0,160,Dining
Frozen Bottle,Yes,No,4.2/5,144,360,Dining
Caf-Eleven,No,No,4.0/5,438,400,Cafes
San Churro Cafe,Yes,No,3.8/5,961,880,Buffet
Corner House Ice Cream,No,No,4.3/5,313,400,Dining
Thanishka Nati And Karavali Style,No,No,3.1/5,0,440,Dining
Corner House Ice Cream,No,No,4.3/5,345,400,Dining
Domino's Pizza,Yes,No,3.9/5,520,800,Dining
Darbar,No,No,3.0/5,93,880,Dining
New Indraprasta,No,No,3.3/5,0,160,Dining
FreshMenu,Yes,No,3.9/5,670,450,Dining
Sweet Truth,Yes,No,3.9/5,38,550,Dining
Five Star Chicken,No,No,3.6/5,55,180,Dining
Onesta,Yes,Yes,4.6/5,2764,600,Cafes
Grand Village,No,No,3.8/5,182,600,Buffet
Cake of the Day,No,No,3.7/5,83,140,Dining
Ayda Persian Kitchen,No,No,3.7/5,38,1040,Dining
Onesta,Yes,Yes,4.6/5,2627,600,Cafes
Devanna Dum Biriyani Centre,Yes,No,3.6/5,26,270,Dining
Hide Out Cafe,No,No,3.7/5,34,330,Cafes
FreshMenu,Yes,No,3.9/5,663,400,Dining
The Good Bowl,Yes,No,3.6/5,6,550,Dining
Spice Elephant,Yes,No,4.1/5,813,800,Buffet
Roll Magic Fast Food,No,No,3.4/5,0,200,Dining
Aramane Donne Biriyani,No,No,2.9/5,0,160,Dining
Chill Out,No,No,3.8/5,0,110,Dining
Coffee Tindi,Yes,No,3.8/5,71,200,Cafes
New Mangalore Lunch Home,No,No,3.3/5,6,180,Dining
Onesta,Yes,Yes,4.6/5,2624,540,Cafes
Darbar,No,No,3.0/5,102,720,Dining
Atithi Point Ande Ka Funda,No,No,3.1/5,29,140,Dining
Cakes & Slices,No,No,3.5/5,13,300,Dining
Cuppa,No,No,3.3/5,24,600,Cafes
Kaumudis Juoice,No,No,3.3/5,0,140,Dining
Spice Elephant,Yes,No,4.1/5,787,800,Buffet
T3H Cafe,No,No,3.9/5,95,300,Cafes
Jeet Restaurant,No,Yes,4.0/5,844,850,Dining
Cake of the Day,No,No,3.7/5,84,150,Dining
Kadalu Sea Food Restaurant,Yes,No,3.8/5,153,500,Dining
Addhuri Udupi Bhojana,No,No,3.7/5,89,300,Buffet
Faasos,Yes,No,4.2/5,415,500,other
Kabab Magic,Yes,No,4.1/5,1577,440,Dining
Aramane Donne Biriyani,No,No,2.9/5,0,150,Dining
Ruchi Maayaka,No,No,3.3/5,9,110,Dining
Cake of the Day,No,No,3.7/5,76,150,Dining
Biryanis And More,Yes,No,4.0/5,671,830,Dining
Sunsadm,No,No,3.7/5,0,400,Dining
Vi Ra's Bar and Restaurant,No,No,3.3/5,59,880,Dining
Timepass Dinner,Yes,No,3.8/5,306,600,Buffet
Domino's Pizza,Yes,No,3.9/5,501,880,Dining
Mohitesh Hut Roll,No,No,3.3/5,0,150,Dining
Rolls On Wheels,No,No,3.6/5,302,270,Dining
Sweet Truth,Yes,No,3.9/5,34,450,Dining
Caf-Eleven,No,No,4.0/5,424,450,Cafes
Darbar,No,No,3.0/5,104,720,Dining
Goa 0 Km,Yes,Yes,3.6/5,170,800,Dining
Ruchi Maayaka,No,No,3.3/5,7,90,Dining
Onesta,Yes,Yes,4.6/5,2553,660,other
Sri Basaveshwar Jolada Rotti Oota,No,No,3.4/5,0,150,Dining
FreshMenu,Yes,No,3.9/5,594,500,Dining
Faasos,Yes,No,4.2/5,381,500,other
Amma - Manae,No,No,3.1/5,0,360,Dining
Peppy Peppers,No,No,4.2/5,226,880,other
Aarush's Food Plaza,No,No,3.4/5,0,180,Dining
Jalsa,Yes,Yes,4.1/5,759,720,Buffet
Goa 0 Km,Yes,Yes,3.6/5,172,880,Dining
Chickpet Donne Biryani House,No,No,3.7/5,21,280,Dining
Goa 0 Km,Yes,Yes,3.6/5,167,800,Dining
Darkolates,No,No,3.3/5,0,200,Dining
Catch-up-ino,Yes,No,3.9/5,121,800,Cafes
LSD Cafe,No,No,2.9/5,76,700,other
Kitchen Garden,Yes,No,3.6/5,228,300,Dining
Chickpet Donne Biryani House,No,No,3.7/5,22,280,Dining
Srinathji's Cafe,No,No,3.8/5,135,500,Cafes
Mane Thindi,No,No,3.7/5,121,220,Dining
Kidambi's Kitchen,No,No,3.5/5,52,270,Dining
Upahar Sagar,No,No,3.8/5,40,320,Dining
Wamama,Yes,Yes,4.2/5,327,880,other
Five Star Chicken,No,No,3.6/5,55,200,Dining
Biryanis And More,Yes,No,4.0/5,656,750,Dining
Namma Brahmin's Idli,Yes,No,3.6/5,31,110,Dining
Caf-Eleven,No,No,4.0/5,419,500,Cafes
Parimala Sweets,No,No,3.5/5,14,220,Dining
Swaada Healthy Kitchen,No,No,3.3/5,0,320,Dining
Woodee Pizza,Yes,No,3.7/5,180,500,Cafes
Meghana Foods,Yes,No,4.4/5,4287,660,Dining
Gawdaru Mane Beriyani,No,No,3.3/5,0,270,Dining
Floured-Baked With Love,No,No,3.8/5,46,400,Dining
Sea Green Cafe,No,No,3.3/5,4,500,Cafes
Grand Village,No,No,3.8/5,155,660,Buffet
Sri Basaveshwar Jolada Rotti Oota,No,No,3.4/5,0,150,Dining
Recipe,Yes,No,4.0/5,850,400,Dining
Cake Bite,No,No,3.4/5,0,330,Dining
Catch-up-ino,Yes,No,3.9/5,124,720,Cafes
The Coffee Shack,Yes,Yes,4.2/5,167,500,Cafes
Frozen Bottle,Yes,No,4.2/5,137,400,Dining
Banashankari Donne Biriyani,Yes,No,3.8/5,104,330,Dining
Kadalu Sea Food Restaurant,Yes,No,3.8/5,141,550,Dining
Empire Restaurant,Yes,No,4.4/5,4670,830,other
Roll Magic Fast Food,No,No,3.4/5,0,200,Dining
Darkolates,No,No,3.3/5,0,180,Dining
San Churro Cafe,Yes,No,3.8/5,1002,800,Cafes
Polar Bear,Yes,No,3.8/5,71,400,Dining
Vaishali Deluxe,No,No,3.8/5,40,630,Dining
Krishna Sagar,No,No,3.5/5,31,200,Dining
Cake Bite,No,No,3.4/5,0,300,Dining
Parjanya Chat Zone,No,No,3.3/5,17,200,Dining
Frozen Bottle,Yes,No,4.2/5,148,400,Dining
Chinese Kitchen,Yes,No,3.8/5,56,150,Dining
New Mangalore Lunch Home,No,No,3.3/5,7,200,Dining
Parimala Sweets,No,No,3.5/5,14,180,Dining
The Vintage Cafe,Yes,No,3.0/5,62,400,Cafes
Wood Stove,No,No,3.4/5,0,160,Dining
The Biryani Cafe,No,No,4.1/5,520,300,Dining
Spice 9,No,No,3.4/5,8,300,Dining
The Big O Bakes,No,No,4.0/5,61,270,Dining
Naveen Kabab & Biriyani Mane,No,No,3.2/5,10,300,Dining
Dharwad Line Bazaar Mishra Pedha,No,No,3.4/5,0,150,Dining
Kotian Karavali Restaurant,No,No,3.5/5,10,300,Dining
